{"acc": 0.8151483626853321, "loss": 0.18058221915735395, "_timestamp": 1722330657.9151602, "_runtime": 3.254016160964966, "_step": 7, "_wandb": {"runtime": 3}}