{"acc": 0.8437327123859879, "loss": 0.17994238608001575, "_timestamp": 1722330790.7120147, "_runtime": 3.2968015670776367, "_step": 7, "_wandb": {"runtime": 3}}